Title,Link Text,URL
2020 Missouri Amendment 2,,https://en.wikipedia.org/wiki/File:Seal_of_Missouri.svg
2020 Missouri Amendment 2,2020 Missouri Amendment 2,https://en.wikipedia.org/wiki/2020_Missouri_Amendment_2
2020 Missouri Amendment 2,ballot measure,https://en.wikipedia.org/wiki/Referendum
2020 Missouri Amendment 2,Constitution of Missouri,https://en.wikipedia.org/wiki/Constitution_of_Missouri
2020 Missouri Amendment 2,expand Medicaid under the Affordable Care Act,https://en.wikipedia.org/wiki/Medicaid#Expansion_under_the_Affordable_Care_Act
2020 Missouri Amendment 2,Medicaid,https://en.wikipedia.org/wiki/Medicaid
2020 Missouri Amendment 2,Republican,https://en.wikipedia.org/wiki/Republican_Party_(United_States)
2020 Missouri Amendment 2,constitutional amendments,https://en.wikipedia.org/wiki/Constitutional_amendment
2020 Missouri Amendment 2,Missouri General Assembly,https://en.wikipedia.org/wiki/Missouri_General_Assembly
2020 Missouri Amendment 2,United States Supreme Court,https://en.wikipedia.org/wiki/Supreme_Court_of_the_United_States
2020 Missouri Amendment 2,Full article...,https://en.wikipedia.org/wiki/2020_Missouri_Amendment_2
2020 Missouri Amendment 2,Mario Party: The Top 100,https://en.wikipedia.org/wiki/Mario_Party:_The_Top_100
2020 Missouri Amendment 2,Value theory,https://en.wikipedia.org/wiki/Value_theory
2020 Missouri Amendment 2,SMS Hindenburg,https://en.wikipedia.org/wiki/SMS_Hindenburg
2020 Missouri Amendment 2,Archive,https://en.wikipedia.org/wiki/Wikipedia:Today%27s_featured_article/August_2025
2020 Missouri Amendment 2,More featured articles,https://en.wikipedia.org/wiki/Wikipedia:Featured_articles_(linked_from_TFAfooter)
2020 Missouri Amendment 2,About,https://en.wikipedia.org/wiki/Wikipedia:About_Today%27s_featured_article
